LatestNews Timestamp,Title,Link
14 Min Ago,European markets set to resume rally as investors await more economic data,https://www.cnbc.com/2025/01/17/european-markets-stocks-business-news-live-updates.html
1 Hour Ago,How the construction industry is trying to tackle climate change,https://www.cnbc.com/2025/01/17/construction-industry-tackles-climate-change-with-wood-lego-style-bricks-new-materials.html
1 Hour Ago,Greenland’s melting ice is clearing the way for a mineral ‘gold rush’,https://www.cnbc.com/2025/01/17/greenlands-melting-ice-is-clearing-the-way-for-a-mineral-gold-rush.html
1 Hour Ago,The BRICS bloc is growing — and Trump’s tariff threat isn’t expected to put off aspiring members,https://www.cnbc.com/2025/01/17/the-brics-bloc-is-growing-and-trumps-tariff-threat-isnt-expected-to-put-off-aspiring-members.html
1 Hour Ago,India is staring at an ‘oil shock’ as U.S. sanctions on Russian crude loom,https://www.cnbc.com/2025/01/17/us-sanctions-on-russian-oil-india-impact.html
5 Hours Ago,"Dozens of flights diverted, delayed after FAA warned of SpaceX rocket debris",https://www.cnbc.com/2025/01/16/dozens-of-flights-diverted-delayed-after-faa-warned-of-spacex-rocket-debris-.html
5 Hours Ago,China’s annual GDP growth meets market and government estimates at 5%,https://www.cnbc.com/2025/01/17/china-gdp-growth-meets-market-and-government-estimates.html
7 Hours Ago,Rome’s Jubilee is expected to attract 32 million people. Here’s what to know,https://www.cnbc.com/2025/01/17/jubilee-2025-what-to-know-and-how-to-avoid-crowds-in-rome-this-year.html
7 Hours Ago,Apple’s fall overshadows positive bank earnings,https://www.cnbc.com/2025/01/17/cnbc-daily-open-apples-fall-overshadows-positive-bank-earnings.html
7 Hours Ago,Apple disables AI notifications for news in its beta iPhone software,https://www.cnbc.com/2025/01/16/apple-disables-ai-notifications-for-news-in-its-beta-iphone-software.html
7 Hours Ago,Friday’s big stock stories: What’s likely to move the market in the next session,https://www.cnbc.com/2025/01/16/fridays-big-stock-stories-whats-likely-to-move-the-market.html
8 Hours Ago,Cramer’s Lightning Round: Virtu Financial is a buy,https://www.cnbc.com/2025/01/16/cramers-lightning-round-virtu-financial-is-a-buy.html
8 Hours Ago,Asia-Pacific markets mixed after China’s fourth-quarter GDP beats estimates,https://www.cnbc.com/2025/01/17/asia-markets-live-updates-china-gdp-industrial-output-retail-sales.html
8 Hours Ago,First Horizon CEO says he’s cautious about interest rate cuts in 2025,https://www.cnbc.com/2025/01/16/jim-cramer-first-horizon-ceo-bryan-jordan.html
8 Hours Ago,Jim Cramer reflects on how the Biden administration might have affected the market,https://www.cnbc.com/2025/01/16/jim-cramer-reflects-on-how-biden-administration-affected-the-market.html
8 Hours Ago,‘The end of an era’: Biden announces sinal round of student loan forgiveness,https://www.cnbc.com/2025/01/16/biden-announces-final-round-of-student-loan-forgiveness.html
8 Hours Ago,Stock futures tick higher after Dow ends three-day winning run,https://www.cnbc.com/2025/01/16/stock-market-today-live-updates.html
9 Hours Ago,Duolingo shares climb 7% as users swarm to app to learn Mandarin,https://www.cnbc.com/2025/01/16/duolingo-shares-climb-7percent-as-users-swarm-to-app-to-learn-mandarin.html
9 Hours Ago,Top Supreme Court lawyer charged with tax evasion related to poker winnings,https://www.cnbc.com/2025/01/16/supreme-court-lawyer-tax-evasion-poker-.html
9 Hours Ago,Snap shares drop as FTC refers MyAI chatbot complaint to the DOJ,https://www.cnbc.com/2025/01/16/snap-shares-drop-as-ftc-refers-complaint-to-the-doj.html
9 Hours Ago,"Home insurance costs soaring as climate-related events surge, Treasury says",https://www.cnbc.com/2025/01/16/home-insurance-costs-soar-as-climate-events-surge-treasury-dept-says.html
9 Hours Ago,Starship rocket breaks up midflight but SpaceX catches booster again,https://www.cnbc.com/2025/01/16/spacex-launch-starship-flight-seven-starlink-satellite-test.html
10 Hours Ago,"Trump tariffs on Canada could jeopardize oil and gas exports, says trade chief",https://www.cnbc.com/2025/01/16/trump-tariffs-canada-oil-gas-energy-trade.html
10 Hours Ago,"Apple has worst day since August following reports of China, AI struggles",https://www.cnbc.com/2025/01/16/apple-has-worst-day-since-august-down-11percent-from-december-peak.html
10 Hours Ago,"S&P 500 should reach 6,600 this year on easing inflation backdrop, says UBS",https://www.cnbc.com/2025/01/16/sp-500-should-reach-6600-this-year-on-easing-inflation-backdrop-ubs.html
11 Hours Ago,Amazon lays off about 200 employees in its stores unit,https://www.cnbc.com/2025/01/16/amazon-lays-off-about-200-employees-in-its-stores-unit.html
11 Hours Ago,Microsoft raises price of consumer version of Microsoft 365 for first time since 2013,https://www.cnbc.com/2025/01/16/microsoft-raises-price-of-consumer-microsoft-365-first-time-since-2013.html
11 Hours Ago,California wildfire victims may qualify for one-time $770 payment,https://www.cnbc.com/2025/01/16/california-wildfire-victims-may-qualify-for-one-time-770-fema-payment.html
11 Hours Ago,"Wall Street banks had a great quarter, and the boom times are just starting",https://www.cnbc.com/2025/01/16/wall-street-banks-see-deal-activity-picking-up.html
11 Hours Ago,What the California wildfires could mean for the municipal bond market,https://www.cnbc.com/2025/01/16/what-the-california-wildfires-could-mean-for-the-municipal-bond-market-.html
